K,IS_KS,OoS_KS,IS_kurt,OoS_kurt,IS_ACF_MAE_abs,OoS_ACF_MAE_abs,IS_ACF_MAE_raw,OoS_ACF_MAE_raw,n_iter,final_ll
3,0.7700,0.8070,2.4918,2.5605,0.052812,0.051155,0.023824,0.044186,6,-5024.1449
18,0.8600,0.8020,4.2784,4.0557,0.046192,0.054782,0.024588,0.044866,9,-4915.2422
