K,n_folds,val_ll_per_obs_mean,val_ll_per_obs_sd,val_KS_pct_mean,val_KS_pct_sd
2,4,-1.79277,0.29394,61.30,40.98
3,4,-1.79304,0.28851,57.05,39.49
6,4,-1.79969,0.31324,60.40,37.29
9,4,-1.85501,0.26299,61.45,37.50
12,4,-1.91767,0.26894,58.65,38.88
18,4,-2.06137,0.21296,61.60,41.37
