model,K,p,est_ll,val_ll,val_ll_per_obs,val_KS_pct,AIC,BIC,HQC,CAIC
CHMM-N,3,12,-2212.989,-779.659,-2.06806,84.6,4449.977,4510.337,4472.781,4522.337
CHMM-N,6,42,-2185.693,-776.842,-2.06059,96.8,4455.387,4666.646,4535.202,4708.646
CHMM-N,9,90,-2168.747,-782.75,-2.07626,95.2,4517.495,4970.192,4688.528,5060.192
CHMM-N,12,156,-2106.193,-802.534,-2.12874,95.6,4524.387,5309.063,4820.844,5465.063
CHMM-N,15,240,-2074.866,-809.2,-2.14642,95.8,4629.731,5836.925,5085.819,6076.925
CHMM-N,18,342,-2011.506,-826.421,-2.1921,95.4,4707.012,6427.263,5356.937,6769.263
CHMM-N,21,462,-1949.254,-852.377,-2.26095,94.2,4822.508,7146.356,5700.477,7608.356
