model,K,p,est_ll,val_ll,val_ll_per_obs,val_KS_pct,AIC,BIC,HQC,CAIC
CHMM-N,2,6,-1995.702,-727.536,-1.9247,91.0,4003.405,4033.584,4014.807,4039.584
CHMM-N,3,12,-1984.543,-725.754,-1.91998,90.4,3993.085,4053.445,4015.89,4065.445
CHMM-N,6,42,-1936.789,-716.41,-1.89526,87.2,3957.578,4168.837,4037.393,4210.837
CHMM-N,9,90,-1930.206,-720.994,-1.90739,90.8,4040.412,4493.11,4211.445,4583.11
CHMM-N,12,156,-1890.096,-732.929,-1.93897,92.0,4092.192,4876.867,4388.649,5032.867
CHMM-N,15,240,-1840.204,-744.576,-1.96978,90.4,4160.407,5367.601,4616.495,5607.601
CHMM-N,18,342,-1801.323,-786.045,-2.07948,93.0,4286.646,6006.897,4936.571,6348.897
CHMM-N,21,462,-1732.592,-794.832,-2.10273,90.8,4389.184,6713.031,5267.153,7175.031
