generator,asymp_pass_pct,mean_pv,median_pv,pv_q05,pv_q25,pv_q75,pv_q95,ks_q05,ks_q50,ks_q95,block5_pass_pct,block10_pass_pct,block20_pass_pct
iid bootstrap,99.8,0.8122,0.892,0.3706,0.7031,0.982,0.9993,0.0103,0.0163,0.0258,98.2,99.0,99.6
GARCH(1,1),25.4,0.0418,0.0095,0.0,0.0008,0.0513,0.2012,0.0302,0.0461,0.0696,5.6,11.2,16.2
CHMM-N,94.8,0.5462,0.5847,0.0473,0.2844,0.8158,0.9757,0.0135,0.0219,0.0386,81.2,89.4,91.6
CHMM-t,95.8,0.5709,0.6083,0.0595,0.3004,0.856,0.9871,0.0127,0.0215,0.0374,82.4,89.2,91.6
CHMM-L,94.8,0.4982,0.5157,0.0475,0.2543,0.7266,0.9484,0.0147,0.0231,0.0386,81.0,88.2,90.0

block_length,KS_crit_95
5,0.0306
10,0.03378
20,0.035
asymptotic,0.03834
