K,alpha,breaches,breach_rate,median_var,LR_uc,p_uc,LR_ind,p_ind,LR_cc,p_cc,DQ,DQ_p,DQ_dof
2,0.01,12,0.02094,-4.0489,5.2701,0.0217,1.3606,0.2434,6.6307,0.0363,15.1955,0.0188,6
2,0.05,32,0.05585,-2.6114,0.3979,0.5282,0.0267,0.8702,0.4246,0.8087,3.1426,0.7907,6
3,0.01,11,0.01920,-4.1386,3.8571,0.0495,1.6491,0.1991,5.5061,0.0637,15.2351,0.0185,6
3,0.05,29,0.05061,-2.6486,0.0045,0.9466,0.1924,0.6609,0.1969,0.9062,3.5544,0.7367,6
4,0.01,11,0.01920,-4.1637,3.8571,0.0495,1.6491,0.1991,5.5061,0.0637,15.5621,0.0163,6
4,0.05,30,0.05236,-2.6720,0.0660,0.7973,0.1196,0.7294,0.1856,0.9114,2.5709,0.8604,6
